art_style,art style
art_style,art styles
art_style,art-style
art_style,art-styles
art_style,appearance
art_style,appearances
art_style,graphic story telling
art_style,graphic storytelling
art_style,graphic story-telling
art_style,visual appearance
art_style,visual appearances
art_style,visual story telling
art_style,visual storytelling
art_style,visual story-telling
art_style,visual style
art_style,visual styles
art_style,visual-appearance
art_style,visual-appearances
art_style,visual-style
art_style,visual-styles
art_style,visuals
characters,character
characters,characters
characters,role
characters,roles
characters,protagonist
characters,protagonists
characters,ally
characters,allies
characters,heroe
characters,heroes
characters,enemy
characters,enemies
characters,villain
characters,villains
configuration,configuration
configuration,configurations
configuration,setting
configuration,settings
controls,control
controls,controls
controls,controller
controls,controllers
controls,button
controls,buttons
controls,keyboard
controls,keyboards
customization,customization
customization,customizations
customization,customisation
customization,customisations
customization,personalization
customization,personalizations
customization,personalisation
customization,personalisations
difficulty,difficulty
difficulty,difficulties
difficulty,complication
difficulty,complications
ending,ending
ending,endings
ending,closing
ending,closure
ending,closures
ending,completion
ending,completions
ending,conclusion
ending,conclusions
ending,finale
ending,finales
gameplay,gameplay
gameplay,gameplays
gameplay,game play
gameplay,game plays
gameplay,gaming
gameplay,playing
graphics,graphic
graphics,graphics
graphics,graphic quality
graphics,graphic qualities
graphics,texture
graphics,textures
interface,interface
interface,interfaces
interface,menu
interface,menus
music,music
music,music score
music,music scores
music,music sound track
music,music sound tracks
music,music soundtrack
music,music sound-track
music,music soundtracks
music,music sound-tracks
music,musical score
music,musical scores
music,musical sound track
music,musical sound tracks
music,musical soundtrack
music,musical sound-track
music,musical soundtracks
music,musical sound-tracks
music,song
music,songs
music,sound track
music,sound tracks
music,soundtrack
music,sound-track
music,soundtracks
music,sound-tracks
pacing,pacing
pacing,pace
pacing,cadence
pacing,cadences
pacing,rhythm
pacing,rhythmic score
pacing,rhythmic scores
pacing,rhythms
price,price
price,prices
price,pricing
price,budget
price,budgets
price,cost
price,costs
price,fee
price,fees
scenarios,scenario
scenarios,scenarios
scenarios,scene
scenarios,scenes
scenarios,atmosphere
scenarios,atmospheres
scenarios,background
scenarios,backgrounds
scenarios,environments
scenarios,locations
scenarios,worlds
script,script
script,scripts
script,scriptwriting
script,conversation
script,conversations
script,dialog
script,dialogs
script,dialogue
script,dialogues
script,discussion
script,discussions
script,screenplay
script,screenplays
script,screenwriting
script,writing
sound,sound
sound,sounds
sound,sound effect
sound,sound effects
sound,sound-effect
sound,sound-effects
sound,sounding
sound,audio
sound,audio effect
sound,audio effects
sound,audio-effect
sound,audio-effects
sound,audios
sound,digital sound
sound,digital sounds
sound,digital-sound
sound,digital-sounds
sounds,voice
sounds,voices
start,start
start,starts
start,starting
start,begining
start,intro
start,intros
start,introduction
start,introductions
start,opener
start,opening
start,preamble
start,preambles
start,presentation
start,presentations
story,story
story,stories
story,story line
story,story lines
story,story telling
story,storyline
story,story-line
story,storylines
story,story-lines
story,storytelling
story,story-telling
story,narration
story,narrations
story,narrative
story,narratives
story,plot
story,plots
story,screen play
story,screen plays
story,screenplay
story,screen-play
story,screenplays
story,screen-plays
theme,theme
theme,themes
theme,matter
theme,matters
theme,message
theme,messages
theme,topic
theme,topics
visual_effects,visuals
visual_effects,visual effect
visual_effects,visual effects
visual_effects,visual-effect
visual_effects,visual-effects
visual_effects,digital effect
visual_effects,digital effects
visual_effects,digital-effect
visual_effects,digital-effects
visual_effects,special effect
visual_effects,special effects
visual_effects,special-effect
visual_effects,special-effects