atmosphere,atmosphere
atmosphere,atmospheres
atmosphere,ambiance
atmosphere,ambiances
atmosphere,ambience
atmosphere,ambiences
atmosphere,light
atmosphere,lights
atmosphere,lighting
atmosphere,darkness
characters,character
characters,characters
characters,role
characters,roles
characters,protagonist
characters,protagonists
characters,ally
characters,allies
characters,heroe
characters,heroes
characters,enemy
characters,enemies
characters,villain
characters,villains
coherence,coherence
coherence,coherences
coherence,consistencies
coherence,consistency
descriptions,description
descriptions,descriptions
descriptions,portrait
descriptions,portraits
descriptions,portrayal
descriptions,visual description
descriptions,visual descriptions
descriptions,visual-description
descriptions,visual-descriptions
ending,ending
ending,closing
ending,closure
ending,completion
ending,conclusion
ending,finale
language,language
language,languages
language,tone
language,tones
language,words
literary_style,style
literary_style,literary style
literary_style,literary styles
literary_style,narrative
literary_style,narrative style
literary_style,narrative styles
literary_style,writing
literary_style,writing style
literary_style,writing styles
pacing,pacing
pacing,cadence
pacing,cadences
pacing,rhythm
pacing,rhythms
pacing,rhythmic score
pacing,rhythmic scores
pictures,pictures
pictures,picture
pictures,image
pictures,images
pictures,illustration
pictures,illustrations
pictures,figure
pictures,figures
pictures,chart
pictures,charts
price,price
price,prices
price,pricing
price,budget
price,budgets
price,cost
price,costs
price,fee
price,fees
scenes,scene
scenes,scenes
scenes,sequence
scenes,sequences
script,script
script,scripts
script,conversation
script,conversations
script,dialog
script,dialogs
script,dialogue
script,dialogues
script,discussion
script,discussions
script,screenplay
script,screenplays
script,screenwriting
script,scriptwriting
script,writing
start,start
start,starts
start,starting
start,begining
start,intro
start,introduction
start,introductions
start,intros
start,preamble
start,preambles
start,presentation
start,presentations
story,story
story,stories
story,story line
story,story lines
story,story telling
story,storyline
story,story-line
story,storylines
story,story-lines
story,storytelling
story,story-telling
story,narration
story,narrations
story,narrative
story,narratives
story,plot
story,plots
story,screen play
story,screen plays
story,screen-play
story,screen-plays
theme,theme
theme,themes
theme,topic
theme,topics
theme,matter
theme,matters
theme,message
theme,messages
writer,writer
writer,writers
writer,author
writer,authors