atmosphere,atmosphere
atmosphere,atmospheres
atmosphere,ambiance
atmosphere,ambiances
atmosphere,ambience
atmosphere,ambiences
atmosphere,light
atmosphere,lights
atmosphere,lighting
atmosphere,darkness
casting,casting
casting,actor
casting,actors
casting,actress
casting,actresses
casting,acting
casting,interpretation
casting,interpretations
casting,portrayal
casting,portrayals
characters,character
characters,characters
characters,role
characters,roles
characters,protagonist
characters,protagonists
characters,ally
characters,allies
characters,heroe
characters,heroes
characters,enemy
characters,enemies
characters,villain
characters,villains
costumes,costume
costumes,costumes
costumes,costuming
costumes,art direction
costumes,art directions
costumes,art director
costumes,art directors
costumes,art-direction
costumes,art-directions
costumes,art-director
costumes,art-directors
costumes,make up
costumes,makeup
costumes,make-up
director,director
director,directors
director,direction
director,directing
ending,ending
ending,closing
ending,closure
ending,completion
ending,conclusion
ending,finale
language,language
language,languages
language,tone
language,tones
language,words
locations,location
locations,locations
locations,landscape
locations,landscapes
locations,placement
locations,placements
locations,places
locations,scenario
locations,scenarios
locations,sceneries
locations,scenery
locations,sets
locations,settings
locations,venue
locations,venues
music,music
music,music score
music,music scores
music,music sound track
music,music sound tracks
music,music soundtrack
music,music sound-track
music,music soundtracks
music,music sound-tracks
music,musical score
music,musical scores
music,musical sound track
music,musical sound tracks
music,musical soundtrack
music,musical sound-track
music,musical soundtracks
music,musical sound-tracks
music,song
music,songs
music,sound track
music,sound tracks
music,soundtrack
music,sound-track
music,soundtracks
music,sound-tracks
pacing,pacing
pacing,cadence
pacing,cadences
pacing,rhythm
pacing,rhythmic score
pacing,rhythmic scores
pacing,rhythms
photography,photography
photography,cinematographies
photography,cinematography
photography,photographic style
photography,photographic styles
photography,photographies
picture,picture
picture,pictures
picture,picture quality
picture,color
picture,colors
picture,colour
picture,colours
picture,image
picture,images
price,price
price,prices
price,pricing
price,budget
price,budgets
price,cost
price,costs
price,fee
price,fees
scenes,scene
scenes,scenes
scenes,sequence
scenes,sequences
script,script
script,scripts
script,conversation
script,conversations
script,dialog
script,dialogs
script,dialogue
script,dialogues
script,discussion
script,discussions
script,screenplay
script,screenplays
script,screenwriting
script,scriptwriting
script,writing
sounds,sound
sounds,sounds
sounds,sound effect
sounds,sound effects
sounds,sound-effect
sounds,sound-effects
sounds,audio
sounds,audio effect
sounds,audio effects
sounds,audio-effect
sounds,audio-effects
sounds,audios
sounds,digital sound
sounds,digital sounds
sounds,digital-sound
sounds,digital-sounds
sounds,voice
sounds,voices
start,start
start,starts
start,starting
start,begining
start,intro
start,introduction
start,introductions
start,intros
start,preamble
start,preambles
start,presentation
start,presentations
story,story
story,stories
story,story line
story,story lines
story,story telling
story,storyline
story,story-line
story,storylines
story,story-lines
story,storytelling
story,story-telling
story,narration
story,narrations
story,narrative
story,narratives
story,plot
story,plots
story,screen play
story,screen plays
story,screen-play
story,screen-plays
theme,theme
theme,themes
theme,topic
theme,topics
theme,matter
theme,matters
theme,message
theme,messages
trailer,trailer
trailer,trailers
trailer,teaser
trailer,teasers
visual_effects,visual effect
visual_effects,visual effects
visual_effects,visual-effect
visual_effects,visual-effects
visual_effects,digital effect
visual_effects,digital effects
visual_effects,digital-effect
visual_effects,digital-effects
visual_effects,effect
visual_effects,effects
visual_effects,special effect
visual_effects,special effects
visual_effects,special-effect
visual_effects,special-effects
visual_style,visual
visual_style,visuals
visual_style,appearance
visual_style,appearances
visual_style,art style
visual_style,art styles
visual_style,art-style
visual_style,art-styles
visual_style,graphic story telling
visual_style,graphic storytelling
visual_style,graphic story-telling
visual_style,visual appearance
visual_style,visual appearances
visual_style,visual story telling
visual_style,visual storytelling
visual_style,visual story-telling
visual_style,visual-appearance
visual_style,visual-appearances
writer,writer
writer,writers
writer,author
writer,authors