amenities,amenity
amenities,amenities
amenities,services
atmosphere,atmosphere
atmosphere,atmospheres
atmosphere,ambiance
atmosphere,ambiances
atmosphere,light
atmosphere,lighting
atmosphere,lights
atmosphere,music
bar,bar
bar,bars
bar,bartender
bar,bartenders
bathrooms,bathroom
bathrooms,bathrooms
bathrooms,bath
bathrooms,baths
bathrooms,bathtub
bathrooms,bathtubs
bathrooms,shampoo
bathrooms,shampoos
bathrooms,shower
bathrooms,showers
bathrooms,towel
bathrooms,towels
bathrooms,tub
bathrooms,tubs
bedrooms,bedroom
bedrooms,bedrooms
bedrooms,bed
bedrooms,beds
bedrooms,pillow
bedrooms,pillows
bedrooms,sheet
bedrooms,sheets
bedrooms,sleep
bedrooms,suite
bedrooms,suites
booking,booking
booking,book
booking,reservation
booking,reservations
booking,reserve
breakfast,breakfast
breakfast,breakfasts
breakfast,morning
breakfast,mornings
breakfast,toast
breakfast,toasts
breakfast,moorning meal
breakfast,moorning menu
building,building
building,buildings
building,architecture
building,architectures
building,buildings
building,decor
building,decoration
building,decorations
building,furniture
building,furnitures
building,garden
building,gardens
building,hall
building,halls
building,lobbies
building,lobby
building,lounge
building,lounges
building,patio
building,patios
building,salon
building,salons
building,spot
building,spots
checking,checkin
checking,check-in
checking,check in
checking,check ins
checking,check out
checking,check outs
checking,checking
checking,checkins
checking,check-ins
checking,checkout
checking,check-out
checking,checkouts
checking,check-outs
checking,check
checking,checks
checking,registration
checking,registrations
cleanliness,cleanliness
cleanliness,clean
cleanliness,cleaned
cleanliness,cleaning
cleanliness,dirt
cleanliness,dirty
cleanliness,smell
coffee,coffee
coffee,coffees
coffee,cafe
coffee,cafes
coffee,tea
coffee,teas
cuisine,cuisine
cuisine,cuisines
cuisine,dishe
cuisine,dishes
cuisine,food
cuisine,foods
cuisine,meal
cuisine,meals
cuisine,menu
cuisine,menus
cuisine,plate
cuisine,plates
cuisine,buffet
cuisine,buffets
dinner,dinner
dinner,dinners
dinner,evening meal
dinner,evening menu
dinner,night meal
dinner,night menu
drinks,drink
drinks,drinks
drinks,beer
drinks,beers
drinks,wine
drinks,wines
events,event
events,events
events,activity
events,activities
events,party
events,parties
events,trip
events,trips
facilities,facilities
facilities,facility
facilities,equipment
gym,gym
gym,gyms
internet,internet
internet,wi fi
internet,wifi
internet,wi-fi
internet,wireless
location,location
location,locations
location,beach
location,beaches
location,environment
location,environments
location,lake
location,lakes
location,landscape
location,landscapes
location,mountain
location,mountains
location,neighborhood
location,neighborhoods
location,neighbourhood
location,neighbourhoods
location,river
location,rivers
location,situation
location,situations
location,street
location,streets
location,surrounding
location,surroundings
location,tree
location,trees
location,valley
location,valleys
location,view
location,views
lunch,lunch
lunch,lunches
lunch,afternoon meal
lunch,afternoon menu
lunch,noon meal
lunch,noon menu
parking,parking
parking,parkings
pool,pool
pool,pools
pool,swimming
pool,swimming pool
pool,swimming pools
pool,swimmingpool
pool,swimmingpools
price,price
price,prices
price,priced
price,pricing
price,budget
price,budgets
price,charge
price,cost
price,costs
price,fee
price,fees
price,money
restaurant,restaurant
restaurant,restaurants
restrooms,restroom
restrooms,restrooms
restrooms,toilet
restrooms,toilets
service,service
service,serving
service,servings
service,attention
service,attentions
service,attitude
service,attitudes
service,server
service,servers
shopping,shopping
shopping,shop
shopping,shops
shopping,store
shopping,stores
shopping,boutique
shopping,boutiques
shopping,mall
shopping,malls
spa,spa
spa,spas
spa,sauna
spa,saunas
spa,jacuzzi
spa,jacuzzis
staff,staff
staff,worker
staff,workers
staff,bellhop
staff,bellhops
staff,boss
staff,bosses
staff,cashier
staff,employee
staff,employees
staff,hostess
staff,manager
staff,managers
staff,owner
staff,owners
staff,patron
staff,patrons
staff,receptionist
staff,receptionists
temperature,temperature
temperature,temperatures
transportation,transport
transportation,transportation
transportation,transportations
transportation,bus
transportation,buses
transportation,cap
transportation,caps
transportation,car
transportation,cars
transportation,metro
transportation,metros
transportation,shuttle
transportation,shuttles
transportation,subway
transportation,subways
transportation,taxi
transportation,taxis
transportation,train
transportation,trains
transportation,tube
transportation,tubes
transportation,vehicle
transportation,vehicles